"gsis_id","PlayerName","PlayerPosition","posteam","season","Targets","Reception","Air_Yards","Receiving_Yards","Receiving_TDs","Target_Share","Air_Yards_MS","WOPR","aDoT","Team_Pass_Attempts","Team_Air_Yards","FP","NYFP","n","NY_n","Targetspgame","NY_Targetspgame","Receptionspgame","NY_Receptionspgame","Air_Yardspgame","NY_Air_Yardspgame","NY_Air_Yards_MS","Receiving_Yardspgame","NY_Receiving_Yardspgame","Receiving_TDspgame","NY_Receiving_TDspgame","NY_Target_Share","NY_WOPR","NY_Air_Yards","NY_Targets","NY_adot","Team_PApgame","NY_Team_PApgame","Team_AYpgame","NY_Team_AYpgame","NY_TPA_Input","NY_TAY_Input","NY_TS_Input","NY_TS_Input_D"
"00-0022921","Larry Fitzgerald","WR","ARI",2020,72,54,432,409,1,0.145161290322581,0.114346214928534,0.297784285933845,6,496,3778,100.9,NA,13,NA,5.53846153846154,NA,4.15384615384615,NA,33.2307692307692,NA,NA,31.4615384615385,NA,0.0769230769230769,NA,NA,NA,NA,NA,NA,38.1538461538462,NA,290.615384615385,NA,NA,NA,NA,"Same"
"00-0025396","Ted Ginn","WR","CHI",2020,6,3,121,40,0,0.0451127819548872,0.0964912280701754,0.135213032581454,20.1666666666667,133,1254,7,NA,3,NA,2,NA,1,NA,40.3333333333333,NA,NA,13.3333333333333,NA,0,NA,NA,NA,NA,NA,NA,44.3333333333333,NA,418,NA,NA,NA,NA,"Same"
"00-0026035","Danny Amendola","WR","DET",2020,69,46,558,602,0,0.128014842300557,0.125647376716956,0.279975427152704,8.08695652173913,539,4441,106.4,NA,14,NA,4.92857142857143,NA,3.28571428571429,NA,39.8571428571429,NA,NA,43,NA,0,NA,NA,NA,NA,NA,NA,38.5,NA,317.214285714286,NA,NA,NA,NA,"Same"
"00-0026189","DeSean Jackson","WR","PHI",2020,26,14,432,236,1,0.112554112554113,0.226890756302521,0.327654698242934,16.6153846153846,231,1904,44.8,NA,5,NA,5.2,NA,2.8,NA,86.4,NA,NA,47.2,NA,0.2,NA,NA,NA,NA,NA,NA,46.2,NA,380.8,NA,NA,NA,NA,"Same"
"00-0027150","Julian Edelman","WR","NE",2020,39,21,401,315,0,0.202072538860104,0.32681336593317,0.531878164443375,10.2820512820513,193,1227,56.22,NA,6,NA,6.5,NA,3.5,NA,66.8333333333333,NA,NA,52.5,NA,0,NA,NA,NA,NA,NA,NA,32.1666666666667,NA,204.5,NA,NA,NA,NA,"Same"
"00-0027685","Emmanuel Sanders","WR","NO",2020,82,61,723,726,5,0.174097664543524,0.250346260387812,0.436388879086755,8.81707317073171,471,2888,164.8,NA,14,NA,5.85714285714286,NA,4.35714285714286,NA,51.6428571428571,NA,NA,51.8571428571429,NA,0.357142857142857,NA,NA,NA,NA,NA,NA,33.6428571428571,NA,206.285714285714,NA,NA,NA,NA,"Same"
"00-0027691","Andre Roberts","WR","BUF",2020,5,4,48,34,0,0.040983606557377,0.0465116279069767,0.0940335493709493,9.6,122,1032,7.1,NA,3,NA,1.66666666666667,NA,1.33333333333333,NA,16,NA,NA,11.3333333333333,NA,0,NA,NA,NA,NA,NA,NA,40.6666666666667,NA,344,NA,NA,NA,NA,"Same"
"00-0027793","Antonio Brown","WR","TB",2020,62,45,549,483,4,0.188449848024316,0.183489304812834,0.411117285405458,8.85483870967742,329,2992,117.1,NA,8,NA,7.75,NA,5.625,NA,68.625,NA,NA,60.375,NA,0.5,NA,NA,NA,NA,NA,NA,41.125,NA,374,NA,NA,NA,NA,"Same"
"00-0027891","Golden Tate","WR","NYG",2020,52,35,464,388,2,0.126829268292683,0.159724612736661,0.302051131354687,8.92307692307692,410,2905,86.52,NA,12,NA,4.33333333333333,NA,2.91666666666667,NA,38.6666666666667,NA,NA,32.3333333333333,NA,0.166666666666667,NA,NA,NA,NA,NA,NA,34.1666666666667,NA,242.083333333333,NA,NA,NA,NA,"Same"
"00-0027902","Dez Bryant","WR","BAL",2020,11,6,52,47,2,0.105769230769231,0.0605355064027939,0.201028700635802,4.72727272727273,104,859,22.7,NA,4,NA,2.75,NA,1.5,NA,13,NA,NA,11.75,NA,0.5,NA,NA,NA,NA,NA,NA,26,NA,214.75,NA,NA,NA,NA,"Same"
"00-0027942","A.J. Green","WR","CIN",2020,104,47,1427,523,2,0.165341812400636,0.301627562883111,0.459152012619132,13.7211538461538,629,4731,111.3,NA,16,NA,6.5,NA,2.9375,NA,89.1875,NA,NA,32.6875,NA,0.125,NA,NA,NA,NA,NA,NA,39.3125,NA,295.6875,NA,NA,NA,NA,"Same"
"00-0027944","Julio Jones","WR","ATL",2020,68,51,764,771,3,0.179419525065963,0.233567716294711,0.432626689005242,11.2352941176471,379,3271,146.1,NA,9,NA,7.55555555555556,NA,5.66666666666667,NA,84.8888888888889,NA,NA,85.6666666666667,NA,0.333333333333333,NA,NA,NA,NA,NA,NA,42.1111111111111,NA,363.444444444444,NA,NA,NA,NA,"Same"
"00-0028002","Randall Cobb","WR","HOU",2020,48,38,323,441,3,0.131506849315068,0.111997226074896,0.27565833222503,6.72916666666667,365,2884,100.1,NA,10,NA,4.8,NA,3.8,NA,32.3,NA,NA,44.1,NA,0.3,NA,NA,NA,NA,NA,NA,36.5,NA,288.4,NA,NA,NA,NA,"Same"
"00-0028237","Chris Hogan","WR","NYJ",2020,26,14,259,118,0,0.138297872340426,0.192708333333333,0.342342641843972,9.96153846153846,188,1344,25.8,NA,5,NA,5.2,NA,2.8,NA,51.8,NA,NA,23.6,NA,0,NA,NA,NA,NA,NA,NA,37.6,NA,268.8,NA,NA,NA,NA,"Same"
"00-0028411","Dontrelle Inman","WR","WAS",2020,27,18,231,163,2,0.0992647058823529,0.156186612576065,0.258227687626775,8.55555555555556,272,1479,46.3,NA,7,NA,3.85714285714286,NA,2.57142857142857,NA,33,NA,NA,23.2857142857143,NA,0.285714285714286,NA,NA,NA,NA,NA,NA,38.8571428571429,NA,211.285714285714,NA,NA,NA,NA,"Same"
"00-0029000","Cole Beasley","WR","BUF",2020,107,82,832,967,4,0.183219178082192,0.177701836821871,0.399220052898597,7.77570093457944,584,4682,207.5,NA,15,NA,7.13333333333333,NA,5.46666666666667,NA,55.4666666666667,NA,NA,64.4666666666667,NA,0.266666666666667,NA,NA,NA,NA,NA,NA,38.9333333333333,NA,312.133333333333,NA,NA,NA,NA,"Same"
"00-0029137","Alshon Jeffery","WR","PHI",2020,13,6,172,115,1,0.0451388888888889,0.0778632865550023,0.122212633921835,13.2307692307692,288,2209,23.5,NA,7,NA,1.85714285714286,NA,0.857142857142857,NA,24.5714285714286,NA,NA,16.4285714285714,NA,0.142857142857143,NA,NA,NA,NA,NA,NA,41.1428571428571,NA,315.571428571429,NA,NA,NA,NA,"Same"
"00-0029293","Marvin Jones","WR","DET",2020,115,76,1461,978,9,0.184294871794872,0.293314595462759,0.481762524516239,12.704347826087,624,4981,227.8,NA,16,NA,7.1875,NA,4.75,NA,91.3125,NA,NA,61.125,NA,0.5625,NA,NA,NA,NA,NA,NA,39,NA,311.3125,NA,NA,NA,NA,"Same"
"00-0029608","T.Y. Hilton","WR","IND",2020,93,56,1166,762,5,0.175803402646503,0.315903549173666,0.48483758839132,12.5376344086022,529,3691,162.2,NA,15,NA,6.2,NA,3.73333333333333,NA,77.7333333333333,NA,NA,50.8,NA,0.333333333333333,NA,NA,NA,NA,NA,NA,35.2666666666667,NA,246.066666666667,NA,NA,NA,NA,"Same"
"00-0030035","Adam Thielen","WR","MIN",2020,108,74,1239,925,14,0.21259842519685,0.331549371153332,0.550982197602608,11.4722222222222,508,3737,252,NA,15,NA,7.2,NA,4.93333333333333,NA,82.6,NA,NA,61.6666666666667,NA,0.933333333333333,NA,NA,NA,NA,NA,NA,33.8666666666667,NA,249.133333333333,NA,NA,NA,NA,"Same"
"00-0030085","Kenny Stills","WR","HOU",2020,19,11,238,144,1,0.0748031496062992,0.122365038560411,0.197860251401737,12.5263157894737,254,1945,31.4,NA,7,NA,2.71428571428571,NA,1.57142857142857,NA,34,NA,NA,20.5714285714286,NA,0.142857142857143,NA,NA,NA,NA,NA,NA,36.2857142857143,NA,277.857142857143,NA,NA,NA,NA,"Same"
"00-0030279","Keenan Allen","WR","LAC",2020,147,100,1052,992,8,0.248310810810811,0.24625468164794,0.544844493369774,7.15646258503401,592,4272,247.1,NA,14,NA,10.5,NA,7.14285714285714,NA,75.1428571428571,NA,NA,70.8571428571429,NA,0.571428571428571,NA,NA,NA,NA,NA,NA,42.2857142857143,NA,305.142857142857,NA,NA,NA,NA,"Same"
"00-0030431","Robert Woods","WR","LA",2020,129,90,898,936,6,0.209756097560976,0.228092456184912,0.474298865670902,6.96124031007752,615,3937,247.1,NA,16,NA,8.0625,NA,5.625,NA,56.125,NA,NA,58.5,NA,0.375,NA,NA,NA,NA,NA,NA,38.4375,NA,246.0625,NA,NA,NA,NA,"Same"
"00-0030525","Tavon Austin","WR","GB",2020,5,5,-22,20,0,0.0595238095238095,-0.0392857142857143,0.0617857142857143,-4.4,84,560,7,NA,3,NA,1.66666666666667,NA,1.66666666666667,NA,-7.33333333333333,NA,NA,6.66666666666667,NA,0,NA,NA,NA,NA,NA,NA,28,NA,186.666666666667,NA,NA,NA,NA,"Same"
"00-0030564","DeAndre Hopkins","WR","ARI",2020,160,115,1417,1407,6,0.264900662251656,0.317713004484305,0.619750096516497,8.85625,604,4460,291.8,NA,16,NA,10,NA,7.1875,NA,88.5625,NA,NA,87.9375,NA,0.375,NA,NA,NA,NA,NA,NA,37.75,NA,278.75,NA,NA,NA,NA,"Same"
"00-0030578","Cordarrelle Patterson","WR","CHI",2020,25,21,90,132,0,0.0407830342577488,0.0196678321678322,0.0749420339041057,3.6,613,4576,63.4,NA,15,NA,1.66666666666667,NA,1.4,NA,6,NA,NA,8.8,NA,0,NA,NA,NA,NA,NA,NA,40.8666666666667,NA,305.066666666667,NA,NA,NA,NA,"Same"
"00-0030663","Willie Snead","WR","BAL",2020,48,33,428,432,3,0.125984251968504,0.138064516129032,0.285621539243078,8.91666666666667,381,3100,94.2,NA,13,NA,3.69230769230769,NA,2.53846153846154,NA,32.9230769230769,NA,NA,33.2307692307692,NA,0.230769230769231,NA,NA,NA,NA,NA,NA,29.3076923076923,NA,238.461538461538,NA,NA,NA,NA,"Same"
"00-0030670","Bennie Fowler","WR","NO",2020,6,2,47,11,0,0.12,0.143730886850153,0.280611620795107,7.83333333333333,50,327,3.1,NA,1,NA,6,NA,2,NA,47,NA,NA,11,NA,0,NA,NA,NA,NA,NA,NA,50,NA,327,NA,NA,NA,NA,"Same"
"00-0031051","John Brown","WR","BUF",2020,52,33,643,458,3,0.154302670623145,0.232718060079624,0.394356647990455,12.3653846153846,337,2763,96.8,NA,9,NA,5.77777777777778,NA,3.66666666666667,NA,71.4444444444444,NA,NA,50.8888888888889,NA,0.333333333333333,NA,NA,NA,NA,NA,NA,37.4444444444444,NA,307,NA,NA,NA,NA,"Same"
"00-0031166","Seth Roberts","WR","CAR",2020,6,4,44,31,0,0.0588235294117647,0.0682170542635659,0.135987232102143,7.33333333333333,102,645,7.1,NA,3,NA,2,NA,1.33333333333333,NA,14.6666666666667,NA,NA,10.3333333333333,NA,0,NA,NA,NA,NA,NA,NA,34,NA,215,NA,NA,NA,NA,"Same"
"00-0031235","Odell Beckham","WR","CLE",2020,43,23,584,319,3,0.193693693693694,0.3205268935236,0.514909366007061,13.5813953488372,222,1822,86.82,NA,7,NA,6.14285714285714,NA,3.28571428571429,NA,83.4285714285714,NA,NA,45.5714285714286,NA,0.428571428571429,NA,NA,NA,NA,NA,NA,31.7142857142857,NA,260.285714285714,NA,NA,NA,NA,"Same"
"00-0031236","Brandin Cooks","WR","HOU",2020,119,81,1403,1143,6,0.212880143112701,0.30075026795284,0.52984540223604,11.7899159663866,559,4665,231.3,NA,15,NA,7.93333333333333,NA,5.4,NA,93.5333333333333,NA,NA,76.2,NA,0.4,NA,NA,NA,NA,NA,NA,37.2666666666667,NA,311,NA,NA,NA,NA,"Same"
"00-0031319","Diontae Spencer","WR","DEN",2020,6,3,33,26,0,0.0368098159509202,0.0221923335574983,0.0707493574166292,5.5,163,1487,7.5,NA,5,NA,1.2,NA,0.6,NA,6.6,NA,NA,5.2,NA,0,NA,NA,NA,NA,NA,NA,32.6,NA,297.4,NA,NA,NA,NA,"Same"
"00-0031325","Sammy Watkins","WR","KC",2020,55,37,443,421,2,0.129411764705882,0.127923765521224,0.283664282923681,8.05454545454545,425,3463,90.4,NA,10,NA,5.5,NA,3.7,NA,44.3,NA,NA,42.1,NA,0.2,NA,NA,NA,NA,NA,NA,42.5,NA,346.3,NA,NA,NA,NA,"Same"
"00-0031339","Donte Moncrief","WR","NE",2020,2,1,5,15,0,0.0307692307692308,0.0127226463104326,0.055059698571149,2.5,65,393,2.9,NA,2,NA,1,NA,0.5,NA,2.5,NA,NA,7.5,NA,0,NA,NA,NA,NA,NA,NA,32.5,NA,196.5,NA,NA,NA,NA,"Same"
"00-0031381","Davante Adams","WR","GB",2020,149,115,1330,1374,18,0.310416666666667,0.373385738349242,0.726995016844469,8.9261744966443,480,3562,360.4,NA,14,NA,10.6428571428571,NA,8.21428571428571,NA,95,NA,NA,98.1428571428571,NA,1.28571428571429,NA,NA,NA,NA,NA,NA,34.2857142857143,NA,254.428571428571,NA,NA,NA,NA,"Same"
"00-0031382","Jarvis Landry","WR","CLE",2020,101,72,832,843,3,0.214893617021277,0.21745948771563,0.474562066932856,8.23762376237624,470,3826,188.16,NA,15,NA,6.73333333333333,NA,4.8,NA,55.4666666666667,NA,NA,56.2,NA,0.2,NA,NA,NA,NA,NA,NA,31.3333333333333,NA,255.066666666667,NA,NA,NA,NA,"Same"
"00-0031408","Mike Evans","WR","TB",2020,109,70,1320,1006,13,0.16820987654321,0.234167110164981,0.416231791930302,12.1100917431193,648,5637,248.6,NA,16,NA,6.8125,NA,4.375,NA,82.5,NA,NA,62.875,NA,0.8125,NA,NA,NA,NA,NA,NA,40.5,NA,352.3125,NA,NA,NA,NA,"Same"
"00-0031428","Allen Robinson","WR","CHI",2020,151,102,1450,1250,6,0.232307692307692,0.297741273100616,0.55688042963197,9.60264900662252,650,4870,262.9,NA,16,NA,9.4375,NA,6.375,NA,90.625,NA,NA,78.125,NA,0.375,NA,NA,NA,NA,NA,NA,40.625,NA,304.375,NA,NA,NA,NA,"Same"
"00-0031544","Amari Cooper","WR","DAL",2020,130,92,1145,1114,5,0.190336749633968,0.241154170176917,0.454313043574793,8.80769230769231,683,4748,234.8,NA,16,NA,8.125,NA,5.75,NA,71.5625,NA,NA,69.625,NA,0.3125,NA,NA,NA,NA,NA,NA,42.6875,NA,296.75,NA,NA,NA,NA,"Same"
"00-0031547","DeVante Parker","WR","MIA",2020,103,63,1002,793,4,0.195445920303605,0.254767353165523,0.471506027671274,9.72815533980583,527,3933,166.3,NA,14,NA,7.35714285714286,NA,4.5,NA,71.5714285714286,NA,NA,56.6428571428571,NA,0.285714285714286,NA,NA,NA,NA,NA,NA,37.6428571428571,NA,280.928571428571,NA,NA,NA,NA,"Same"
"00-0031549","Nelson Agholor","WR","LV",2020,82,48,1269,896,8,0.141623488773748,0.282502226179875,0.410186791486534,15.4756097560976,579,4492,185.6,NA,16,NA,5.125,NA,3,NA,79.3125,NA,NA,56,NA,0.5,NA,NA,NA,NA,NA,NA,36.1875,NA,280.75,NA,NA,NA,NA,"Same"
"00-0031588","Stefon Diggs","WR","BUF",2020,166,127,1674,1535,8,0.26645264847512,0.326125073056692,0.627966523852365,10.0843373493976,623,5133,328.6,NA,16,NA,10.375,NA,7.9375,NA,104.625,NA,NA,95.9375,NA,0.5,NA,NA,NA,NA,NA,NA,38.9375,NA,320.8125,NA,NA,NA,NA,"Same"
"00-0031763","DeAndre Carter","WR","HOU",2020,2,1,16,8,0,0.0555555555555556,0.0565371024734982,0.122909305064782,8,36,283,1.8,NA,1,NA,2,NA,1,NA,16,NA,NA,8,NA,0,NA,NA,NA,NA,NA,NA,36,NA,283,NA,NA,NA,NA,"Same"
"00-0031787","Jake Kumerow","WR","BUF",2020,1,1,22,22,1,0.024390243902439,0.0544554455445545,0.0747041777348467,22,41,404,9.2,NA,1,NA,1,NA,1,NA,22,NA,NA,22,NA,1,NA,NA,NA,NA,NA,NA,41,NA,404,NA,NA,NA,NA,"Same"
"00-0031868","Damiere Byrd","WR","NE",2020,77,47,882,604,1,0.176201372997712,0.31635581061693,0.485751126928418,11.4545454545455,437,2788,114.9,NA,14,NA,5.5,NA,3.35714285714286,NA,63,NA,NA,43.1428571428571,NA,0.0714285714285714,NA,NA,NA,NA,NA,NA,31.2142857142857,NA,199.142857142857,NA,NA,NA,NA,"Same"
"00-0031941","Jamison Crowder","WR","NYJ",2020,89,59,673,699,6,0.212918660287081,0.188093907210732,0.451043725478135,7.56179775280899,418,3578,172.02,NA,12,NA,7.41666666666667,NA,4.91666666666667,NA,56.0833333333333,NA,NA,58.25,NA,0.5,NA,NA,NA,NA,NA,NA,34.8333333333333,NA,298.166666666667,NA,NA,NA,NA,"Same"
"00-0032009","Adam Humphries","WR","TEN",2020,35,23,335,228,2,0.133079847908745,0.155669144981413,0.308588173350107,9.57142857142857,263,2152,57.8,NA,7,NA,5,NA,3.28571428571429,NA,47.8571428571429,NA,NA,32.5714285714286,NA,0.285714285714286,NA,NA,NA,NA,NA,NA,37.5714285714286,NA,307.428571428571,NA,NA,NA,NA,"Same"
"00-0032054","Breshad Perriman","WR","NYJ",2020,60,30,906,505,3,0.152284263959391,0.291318327974277,0.43234922552108,15.1,394,3110,99.1,NA,12,NA,5,NA,2.5,NA,75.5,NA,NA,42.0833333333333,NA,0.25,NA,NA,NA,NA,NA,NA,32.8333333333333,NA,259.166666666667,NA,NA,NA,NA,"Same"
"00-0032098","Daniel Brown","WR","NYJ",2020,2,2,10,31,0,0.0277777777777778,0.0178890876565295,0.0541890280262373,5,72,559,5.1,NA,2,NA,1,NA,1,NA,5,NA,NA,15.5,NA,0,NA,NA,NA,NA,NA,NA,36,NA,279.5,NA,NA,NA,NA,"Same"
"00-0032128","Chris Conley","WR","JAX",2020,63,40,652,471,2,0.110332749562172,0.161466072313026,0.278525374962376,10.3492063492063,571,4038,99.1,NA,14,NA,4.5,NA,2.85714285714286,NA,46.5714285714286,NA,NA,33.6428571428571,NA,0.142857142857143,NA,NA,NA,NA,NA,NA,40.7857142857143,NA,288.428571428571,NA,NA,NA,NA,"Same"
"00-0032211","Tyler Lockett","WR","SEA",2020,132,100,1285,1054,10,0.216039279869067,0.265825403392635,0.510136702178446,9.73484848484848,611,4834,265.4,NA,16,NA,8.25,NA,6.25,NA,80.3125,NA,NA,65.875,NA,0.625,NA,NA,NA,NA,NA,NA,38.1875,NA,302.125,NA,NA,NA,NA,"Same"
"00-0032385","Sterling Shepard","WR","NYG",2020,90,66,746,656,3,0.205949656750572,0.236600063431652,0.474544529528015,8.28888888888889,437,3153,160.5,NA,12,NA,7.5,NA,5.5,NA,62.1666666666667,NA,NA,54.6666666666667,NA,0.25,NA,NA,NA,NA,NA,NA,36.4166666666667,NA,262.75,NA,NA,NA,NA,"Same"
"00-0032464","Kalif Raymond","WR","TEN",2020,15,9,263,187,0,0.0574712643678161,0.134733606557377,0.180520421141888,17.5333333333333,261,1952,27.4,NA,8,NA,1.875,NA,1.125,NA,32.875,NA,NA,23.375,NA,0,NA,NA,NA,NA,NA,NA,32.625,NA,244,NA,NA,NA,NA,"Same"
"00-0032543","Alex Erickson","WR","CIN",2020,17,12,122,139,0,0.0559210526315789,0.0526997840172786,0.120771427759463,7.17647058823529,304,2315,26.6,NA,9,NA,1.88888888888889,NA,1.33333333333333,NA,13.5555555555556,NA,NA,15.4444444444444,NA,0,NA,NA,NA,NA,NA,NA,33.7777777777778,NA,257.222222222222,NA,NA,NA,NA,"Same"
"00-0032688","Robby Anderson","WR","CAR",2020,136,95,1318,1096,3,0.232081911262799,0.320058280718796,0.572163663397355,9.69117647058824,586,4118,224.1,NA,16,NA,8.5,NA,5.9375,NA,82.375,NA,NA,68.5,NA,0.1875,NA,NA,NA,NA,NA,NA,36.625,NA,257.375,NA,NA,NA,NA,"Same"
"00-0032765","Michael Thomas","WR","NO",2020,55,40,528,438,0,0.248868778280543,0.423076923076923,0.669457013574661,9.6,221,1248,83.9,NA,7,NA,7.85714285714286,NA,5.71428571428571,NA,75.4285714285714,NA,NA,62.5714285714286,NA,0,NA,NA,NA,NA,NA,NA,31.5714285714286,NA,178.285714285714,NA,NA,NA,NA,"Same"
"00-0032775","Demarcus Robinson","WR","KC",2020,59,45,525,466,3,0.094551282051282,0.108002468627854,0.217428651116421,8.89830508474576,624,4861,109.6,NA,15,NA,3.93333333333333,NA,3,NA,35,NA,NA,31.0666666666667,NA,0.2,NA,NA,NA,NA,NA,NA,41.6,NA,324.066666666667,NA,NA,NA,NA,"Same"
"00-0032778","Tajae Sharpe","WR","MIN",2020,3,0,112,0,0,0.0256410256410256,0.127128263337117,0.12745132279752,37.3333333333333,117,881,0,NA,3,NA,1,NA,0,NA,37.3333333333333,NA,NA,0,NA,0,NA,NA,NA,NA,NA,NA,39,NA,293.666666666667,NA,NA,NA,NA,"Same"
"00-0032791","Jakeem Grant","WR","MIA",2020,54,36,567,373,1,0.106930693069307,0.152173913043478,0.266917778734395,10.5,505,3726,81.3,NA,14,NA,3.85714285714286,NA,2.57142857142857,NA,40.5,NA,NA,26.6428571428571,NA,0.0714285714285714,NA,NA,NA,NA,NA,NA,36.0714285714286,NA,266.142857142857,NA,NA,NA,NA,"Same"
"00-0032881","Tommylee Lewis","WR","NO",2020,3,1,38,5,0,0.02,0.039460020768432,0.0576220145379024,12.6666666666667,150,963,2.9,NA,4,NA,0.75,NA,0.25,NA,9.5,NA,NA,1.25,NA,0,NA,NA,NA,NA,NA,NA,37.5,NA,240.75,NA,NA,NA,NA,"Same"
"00-0032951","Laquon Treadwell","WR","ATL",2020,7,6,39,49,2,0.0409356725146199,0.0320197044334975,0.0838173018753781,5.57142857142857,171,1218,22.9,NA,4,NA,1.75,NA,1.5,NA,9.75,NA,NA,12.25,NA,0.5,NA,NA,NA,NA,NA,NA,42.75,NA,304.5,NA,NA,NA,NA,"Same"
"00-0032977","Rashard Higgins","WR","CLE",2020,52,37,733,599,4,0.133676092544987,0.234035759897829,0.364339170745961,14.0961538461538,389,3132,120.9,NA,12,NA,4.33333333333333,NA,3.08333333333333,NA,61.0833333333333,NA,NA,49.9166666666667,NA,0.333333333333333,NA,NA,NA,NA,NA,NA,32.4166666666667,NA,261,NA,NA,NA,NA,"Same"
"00-0032980","Marcus Johnson","WR","IND",2020,28,14,487,255,0,0.0952380952380952,0.239077074128621,0.310211094747177,17.3928571428571,294,2037,39.5,NA,8,NA,3.5,NA,1.75,NA,60.875,NA,NA,31.875,NA,0,NA,NA,NA,NA,NA,NA,36.75,NA,254.625,NA,NA,NA,NA,"Same"
"00-0033006","Jaydon Mickens","WR","TB",2020,10,7,73,58,0,0.116279069767442,0.0977242302543507,0.242825565829208,7.3,86,747,12.8,NA,2,NA,5,NA,3.5,NA,36.5,NA,NA,29,NA,0,NA,NA,NA,NA,NA,NA,43,NA,373.5,NA,NA,NA,NA,"Same"
"00-0033009","Tyler Boyd","WR","CIN",2020,110,79,940,841,4,0.186125211505922,0.213539300318037,0.428665327481509,8.54545454545454,591,4402,192.64,NA,15,NA,7.33333333333333,NA,5.26666666666667,NA,62.6666666666667,NA,NA,56.0666666666667,NA,0.266666666666667,NA,NA,NA,NA,NA,NA,39.4,NA,293.466666666667,NA,NA,NA,NA,"Same"
"00-0033040","Tyreek Hill","WR","KC",2020,135,87,1739,1276,15,0.217391304347826,0.351384118003637,0.572055839124285,12.8814814814815,621,4949,328.9,NA,15,NA,9,NA,5.8,NA,115.933333333333,NA,NA,85.0666666666667,NA,1,NA,NA,NA,NA,NA,NA,41.4,NA,329.933333333333,NA,NA,NA,NA,"Same"
"00-0033111","Pharoh Cooper","WR","CAR",2020,8,5,79,73,0,0.0421052631578947,0.0532345013477089,0.100422045680238,9.875,190,1484,12.3,NA,5,NA,1.6,NA,1,NA,15.8,NA,NA,14.6,NA,0,NA,NA,NA,NA,NA,NA,38,NA,296.8,NA,NA,NA,NA,"Same"
"00-0033114","Mike Thomas","WR","CIN",2020,21,13,181,132,1,0.0472972972972973,0.0537570537570538,0.108575883575884,8.61904761904762,444,3367,32.3,NA,10,NA,2.1,NA,1.3,NA,18.1,NA,NA,13.2,NA,0.1,NA,NA,NA,NA,NA,NA,44.4,NA,336.7,NA,NA,NA,NA,"Same"
"00-0033127","Will Fuller","WR","HOU",2020,75,53,940,879,8,0.191326530612245,0.293474867311895,0.492422203036694,12.5333333333333,392,3203,188.9,NA,11,NA,6.81818181818182,NA,4.81818181818182,NA,85.4545454545455,NA,NA,79.9090909090909,NA,0.727272727272727,NA,NA,NA,NA,NA,NA,35.6363636363636,NA,291.181818181818,NA,NA,NA,NA,"Same"
"00-0033215","Cyril Grayson","WR","TB",2020,3,0,71,0,0,0.0476190476190476,0.152688172043011,0.178310291858679,23.6666666666667,63,465,0,NA,2,NA,1.5,NA,0,NA,35.5,NA,NA,0,NA,0,NA,NA,NA,NA,NA,NA,31.5,NA,232.5,NA,NA,NA,NA,"Same"
"00-0033251","Zach Pascal","WR","IND",2020,71,44,772,629,5,0.1239092495637,0.19490027770765,0.322294068740904,10.8732394366197,573,3961,136.9,NA,16,NA,4.4375,NA,2.75,NA,48.25,NA,NA,39.3125,NA,0.3125,NA,NA,NA,NA,NA,NA,35.8125,NA,247.5625,NA,NA,NA,NA,"Same"
"00-0033266","JoJo Natson","WR","CLE",2020,0,0,0,0,0,0,0,0,NA,25,189,0.3,NA,1,NA,0,NA,0,NA,0,NA,NA,0,NA,0,NA,NA,NA,NA,NA,NA,25,NA,189,NA,NA,NA,NA,"Same"
"00-0033282","Curtis Samuel","WR","CAR",2020,97,77,711,854,3,0.175406871609403,0.184292379471229,0.392114973043965,7.32989690721649,553,3858,212.4,NA,15,NA,6.46666666666667,NA,5.13333333333333,NA,47.4,NA,NA,56.9333333333333,NA,0.2,NA,NA,NA,NA,NA,NA,36.8666666666667,NA,257.2,NA,NA,NA,NA,"Same"
"00-0033292","Trent Taylor","WR","SF",2020,21,10,117,86,0,0.0786516853932584,0.0751445086705202,0.170578684159252,5.57142857142857,267,1557,18.6,NA,7,NA,3,NA,1.42857142857143,NA,16.7142857142857,NA,NA,12.2857142857143,NA,0,NA,NA,NA,NA,NA,NA,38.1428571428571,NA,222.428571428571,NA,NA,NA,NA,"Same"
"00-0033307","Kendrick Bourne","WR","SF",2020,74,49,686,667,2,0.129144851657941,0.193457416807671,0.32913746925228,9.27027027027027,573,3546,127.7,NA,15,NA,4.93333333333333,NA,3.26666666666667,NA,45.7333333333333,NA,NA,44.4666666666667,NA,0.133333333333333,NA,NA,NA,NA,NA,NA,38.2,NA,236.4,NA,NA,NA,NA,"Same"
"00-0033367","C.J. Board","WR","NYG",2020,16,11,160,101,0,0.0483383685800604,0.0725952813067151,0.123324249784791,10,331,2204,21.4,NA,9,NA,1.77777777777778,NA,1.22222222222222,NA,17.7777777777778,NA,NA,11.2222222222222,NA,0,NA,NA,NA,NA,NA,NA,36.7777777777778,NA,244.888888888889,NA,NA,NA,NA,"Same"
"00-0033375","Tim Patrick","WR","DEN",2020,79,51,986,742,6,0.144688644688645,0.208854056343995,0.363230806473763,12.4810126582278,546,4721,161.2,NA,15,NA,5.26666666666667,NA,3.4,NA,65.7333333333333,NA,NA,49.4666666666667,NA,0.4,NA,NA,NA,NA,NA,NA,36.4,NA,314.733333333333,NA,NA,NA,NA,"Same"
"00-0033382","Austin Carr","WR","NO",2020,4,3,32,27,1,0.028169014084507,0.0386940749697703,0.0693393736055997,8,142,827,11.7,NA,4,NA,1,NA,0.75,NA,8,NA,NA,6.75,NA,0.25,NA,NA,NA,NA,NA,NA,35.5,NA,206.75,NA,NA,NA,NA,"Same"
"00-0033386","Cody Hollister","WR","TEN",2020,1,1,10,12,0,0.0357142857142857,0.0552486187845304,0.0922454617205998,10,28,181,2.2,NA,1,NA,1,NA,1,NA,10,NA,NA,12,NA,0,NA,NA,NA,NA,NA,NA,28,NA,181,NA,NA,NA,NA,"Same"
"00-0033460","John Ross","WR","CIN",2020,7,2,84,17,0,0.0679611650485437,0.108108108108108,0.177617423248491,12,103,777,3.7,NA,2,NA,3.5,NA,1,NA,42,NA,NA,8.5,NA,0,NA,NA,NA,NA,NA,NA,51.5,NA,388.5,NA,NA,NA,NA,"Same"
"00-0033466","Isaiah McKenzie","WR","BUF",2020,34,30,149,282,5,0.0562913907284768,0.0300767056923698,0.105490780077374,4.38235294117647,604,4954,93.58,NA,15,NA,2.26666666666667,NA,2,NA,9.93333333333333,NA,NA,18.8,NA,0.333333333333333,NA,NA,NA,NA,NA,NA,40.2666666666667,NA,330.266666666667,NA,NA,NA,NA,"Same"
"00-0033471","Isaiah Ford","WR","MIA",2020,44,28,405,276,0,0.134556574923547,0.183590208522212,0.33034800835087,9.20454545454546,327,2206,55.6,NA,9,NA,4.88888888888889,NA,3.11111111111111,NA,45,NA,NA,30.6666666666667,NA,0,NA,NA,NA,NA,NA,NA,36.3333333333333,NA,245.111111111111,NA,NA,NA,NA,"Same"
"00-0033474","Gehrig Dieter","WR","KC",2020,2,1,15,10,0,0.0606060606060606,0.102040816326531,0.162337662337662,7.5,33,147,2,NA,1,NA,2,NA,1,NA,15,NA,NA,10,NA,0,NA,NA,NA,NA,NA,NA,33,NA,147,NA,NA,NA,NA,"Same"
"00-0033481","Marcus Kemp","WR","KC",2020,1,1,1,11,0,0.0344827586206897,0.00602409638554217,0.055941005400914,1,29,166,2.1,NA,1,NA,1,NA,1,NA,1,NA,NA,11,NA,0,NA,NA,NA,NA,NA,NA,29,NA,166,NA,NA,NA,NA,"Same"
"00-0033536","Mike Williams","WR","LAC",2020,85,48,1236,756,5,0.144312393887946,0.288179062718582,0.418193934734926,14.5411764705882,589,4289,153.7,NA,14,NA,6.07142857142857,NA,3.42857142857143,NA,88.2857142857143,NA,NA,54,NA,0.357142857142857,NA,NA,NA,NA,NA,NA,42.0714285714286,NA,306.357142857143,NA,NA,NA,NA,"Same"
"00-0033555","Mack Hollins","WR","MIA",2020,25,16,240,176,1,0.0692520775623269,0.0919892679187428,0.16827060388661,9.6,361,2609,39.6,NA,9,NA,2.77777777777778,NA,1.77777777777778,NA,26.6666666666667,NA,NA,19.5555555555556,NA,0.111111111111111,NA,NA,NA,NA,NA,NA,40.1111111111111,NA,289.888888888889,NA,NA,NA,NA,"Same"
"00-0033572","Jamal Agnew","WR","DET",2020,20,13,97,89,0,0.0420168067226891,0.0249935583612471,0.0805207009369066,4.85,476,3881,25.2,NA,13,NA,1.53846153846154,NA,1,NA,7.46153846153846,NA,NA,6.84615384615385,NA,0,NA,NA,NA,NA,NA,NA,36.6153846153846,NA,298.538461538462,NA,NA,NA,NA,"Same"
"00-0033589","David Moore","WR","SEA",2020,47,35,416,417,6,0.0769230769230769,0.0860570955730244,0.175624582285732,8.85106382978723,611,4834,118.8,NA,16,NA,2.9375,NA,2.1875,NA,26,NA,NA,26.0625,NA,0.375,NA,NA,NA,NA,NA,NA,38.1875,NA,302.125,NA,NA,NA,NA,"Same"
"00-0033591","Noah Brown","WR","DAL",2020,24,14,247,154,0,0.0560747663551402,0.0813034891375905,0.141024591929024,10.2916666666667,428,3038,29.8,NA,9,NA,2.66666666666667,NA,1.55555555555556,NA,27.4444444444444,NA,NA,17.1111111111111,NA,0,NA,NA,NA,NA,NA,NA,47.5555555555556,NA,337.555555555556,NA,NA,NA,NA,"Same"
"00-0033681","Keelan Cole","WR","JAX",2020,88,55,957,642,5,0.133333333333333,0.197441716525686,0.33820920156798,10.875,660,4847,149.4,NA,16,NA,5.5,NA,3.4375,NA,59.8125,NA,NA,40.125,NA,0.3125,NA,NA,NA,NA,NA,NA,41.25,NA,302.9375,NA,NA,NA,NA,"Same"
"00-0033733","Greg Ward","WR","PHI",2020,79,53,444,419,6,0.119155354449472,0.0834743372814439,0.237165067771219,5.62025316455696,663,5319,131.1,NA,16,NA,4.9375,NA,3.3125,NA,27.75,NA,NA,26.1875,NA,0.375,NA,NA,NA,NA,NA,NA,41.4375,NA,332.4375,NA,NA,NA,NA,"Same"
"00-0033839","Dede Westbrook","WR","JAX",2020,1,1,4,4,0,0.0217391304347826,0.012779552715655,0.0415543825531324,4,46,313,1.4,NA,1,NA,1,NA,1,NA,4,NA,NA,4,NA,0,NA,NA,NA,NA,NA,NA,46,NA,313,NA,NA,NA,NA,"Same"
"00-0033840","Chad Hansen","WR","HOU",2020,24,17,290,236,1,0.117647058823529,0.174804098854732,0.298833457433606,12.0833333333333,204,1659,46.6,NA,5,NA,4.8,NA,3.4,NA,58,NA,NA,47.2,NA,0.2,NA,NA,NA,NA,NA,NA,40.8,NA,331.8,NA,NA,NA,NA,"Same"
"00-0033857","JuJu Smith-Schuster","WR","PIT",2020,128,97,703,831,9,0.191044776119403,0.151117798796217,0.392349623336456,5.4921875,670,4652,234.1,NA,16,NA,8,NA,6.0625,NA,43.9375,NA,NA,51.9375,NA,0.5625,NA,NA,NA,NA,NA,NA,41.875,NA,290.75,NA,NA,NA,NA,"Same"
"00-0033859","Josh Malone","WR","NYJ",2020,6,4,17,16,0,0.181818181818182,0.118055555555556,0.355366161616162,2.83333333333333,33,144,6.8,NA,1,NA,6,NA,4,NA,17,NA,NA,16,NA,0,NA,NA,NA,NA,NA,NA,33,NA,144,NA,NA,NA,NA,"Same"
"00-0033871","Corey Davis","WR","TEN",2020,92,65,1080,984,5,0.209567198177677,0.302605771924909,0.526174837613951,11.7391304347826,439,3569,193.4,NA,14,NA,6.57142857142857,NA,4.64285714285714,NA,77.1428571428571,NA,NA,70.2857142857143,NA,0.357142857142857,NA,NA,NA,NA,NA,NA,31.3571428571429,NA,254.928571428571,NA,NA,NA,NA,"Same"
"00-0033891","Zay Jones","WR","LV",2020,20,14,142,154,1,0.0530503978779841,0.0481845945028843,0.113304812968995,7.1,377,2947,36.56,NA,11,NA,1.81818181818182,NA,1.27272727272727,NA,12.9090909090909,NA,NA,14,NA,0.0909090909090909,NA,NA,NA,NA,NA,NA,34.2727272727273,NA,267.909090909091,NA,NA,NA,NA,"Same"
"00-0033908","Cooper Kupp","WR","LA",2020,124,92,782,978,3,0.215652173913043,0.218496786811959,0.476426011637936,6.30645161290323,575,3579,211.1,NA,15,NA,8.26666666666667,NA,6.13333333333333,NA,52.1333333333333,NA,NA,65.2,NA,0.2,NA,NA,NA,NA,NA,NA,38.3333333333333,NA,238.6,NA,NA,NA,NA,"Same"
"00-0033911","Taywan Taylor","WR","CLE",2020,1,0,15,0,0,0.032258064516129,0.0638297872340425,0.0930679478380233,15,31,235,0,NA,1,NA,1,NA,0,NA,15,NA,NA,0,NA,0,NA,NA,NA,NA,NA,NA,31,NA,235,NA,NA,NA,NA,"Same"
"00-0033921","Chris Godwin","WR","TB",2020,84,65,858,840,7,0.174636174636175,0.203076923076923,0.404108108108108,10.2142857142857,481,4225,191,NA,12,NA,7,NA,5.41666666666667,NA,71.5,NA,NA,70,NA,0.583333333333333,NA,NA,NA,NA,NA,NA,40.0833333333333,NA,352.083333333333,NA,NA,NA,NA,"Same"
"00-0033932","Kenny Golladay","WR","DET",2020,32,20,466,338,2,0.172972972972973,0.300839251129761,0.470046935250292,14.5625,185,1549,65.8,NA,5,NA,6.4,NA,4,NA,93.2,NA,NA,67.6,NA,0.4,NA,NA,NA,NA,NA,NA,37,NA,309.8,NA,NA,NA,NA,"Same"
"00-0033943","Josh Reynolds","WR","LA",2020,81,52,886,618,2,0.131707317073171,0.2250444500889,0.355092090671986,10.9382716049383,615,3937,126.3,NA,16,NA,5.0625,NA,3.25,NA,55.375,NA,NA,38.625,NA,0.125,NA,NA,NA,NA,NA,NA,38.4375,NA,246.0625,NA,NA,NA,NA,"Same"
"00-0034052","Brandon Zylstra","WR","CAR",2020,4,3,55,35,0,0.032,0.0783475783475783,0.102843304843305,13.75,125,702,6.5,NA,5,NA,0.8,NA,0.6,NA,11,NA,NA,7,NA,0,NA,NA,NA,NA,NA,NA,25,NA,140.4,NA,NA,NA,NA,"Same"
"00-0034054","River Cracraft","WR","SF",2020,9,6,58,41,0,0.0743801652892562,0.0685579196217494,0.159560791669109,6.44444444444444,121,846,10.1,NA,3,NA,3,NA,2,NA,19.3333333333333,NA,NA,13.6666666666667,NA,0,NA,NA,NA,NA,NA,NA,40.3333333333333,NA,282,NA,NA,NA,NA,"Same"
"00-0034081","Steven Mitchell","WR","HOU",2020,8,5,110,60,0,0.0695652173913043,0.115546218487395,0.185230179028133,13.75,115,952,11,NA,3,NA,2.66666666666667,NA,1.66666666666667,NA,36.6666666666667,NA,NA,20,NA,0,NA,NA,NA,NA,NA,NA,38.3333333333333,NA,317.333333333333,NA,NA,NA,NA,"Same"
"00-0034104","Cam Sims","WR","WAS",2020,48,32,523,477,1,0.101694915254237,0.195440956651719,0.289351042537559,10.8958333333333,472,2676,86.2,NA,11,NA,4.36363636363636,NA,2.90909090909091,NA,47.5454545454545,NA,NA,43.3636363636364,NA,0.0909090909090909,NA,NA,NA,NA,NA,NA,42.9090909090909,NA,243.272727272727,NA,NA,NA,NA,"Same"
"00-0034132","Christian Blake","WR","ATL",2020,18,13,173,141,0,0.0618556701030928,0.0756780402449694,0.145758133326118,9.61111111111111,291,2286,27.1,NA,7,NA,2.57142857142857,NA,1.85714285714286,NA,24.7142857142857,NA,NA,20.1428571428571,NA,0,NA,NA,NA,NA,NA,NA,41.5714285714286,NA,326.571428571429,NA,NA,NA,NA,"Same"
"00-0034207","Jeff Badet","WR","WAS",2020,1,0,25,0,0,0.0175438596491228,0.0771604938271605,0.0803281351526965,25,57,324,0,NA,1,NA,1,NA,0,NA,25,NA,NA,0,NA,0,NA,NA,NA,NA,NA,NA,57,NA,324,NA,NA,NA,NA,"Same"
"00-0034267","Jaleel Scott","WR","NYJ",2020,1,1,13,16,0,0.0344827586206897,0.0530612244897959,0.0888669950738916,13,29,245,2.6,NA,1,NA,1,NA,1,NA,13,NA,NA,16,NA,0,NA,NA,NA,NA,NA,NA,29,NA,245,NA,NA,NA,NA,"Same"
"00-0034272","Marquez Valdes-Scantling","WR","GB",2020,63,33,1153,690,6,0.128048780487805,0.310530568273633,0.409444568523251,18.3015873015873,492,3713,139.3,NA,14,NA,4.5,NA,2.35714285714286,NA,82.3571428571429,NA,NA,49.2857142857143,NA,0.428571428571429,NA,NA,NA,NA,NA,NA,35.1428571428571,NA,265.214285714286,NA,NA,NA,NA,"Same"
"00-0034273","Damion Ratley","WR","NYG",2020,10,4,104,63,0,0.0505050505050505,0.0886615515771526,0.137820661861583,10.4,198,1173,10.3,NA,5,NA,2,NA,0.8,NA,20.8,NA,NA,12.6,NA,0,NA,NA,NA,NA,NA,NA,39.6,NA,234.6,NA,NA,NA,NA,"Same"
"00-0034279","Equanimeous St. Brown","WR","GB",2020,13,7,157,117,1,0.0481481481481481,0.0748688602765856,0.124630424415832,12.0769230769231,270,2097,25.4,NA,8,NA,1.625,NA,0.875,NA,19.625,NA,NA,14.625,NA,0.125,NA,NA,NA,NA,NA,NA,33.75,NA,262.125,NA,NA,NA,NA,"Same"
"00-0034286","Richie James","WR","SF",2020,35,23,373,391,1,0.128205128205128,0.220058997050148,0.346348990242796,10.6571428571429,273,1695,68.1,NA,7,NA,5,NA,3.28571428571429,NA,53.2857142857143,NA,NA,55.8571428571429,NA,0.142857142857143,NA,NA,NA,NA,NA,NA,39,NA,242.142857142857,NA,NA,NA,NA,"Same"
"00-0034297","Byron Pringle","WR","KC",2020,17,13,173,160,1,0.085427135678392,0.115333333333333,0.208874036850921,10.1764705882353,199,1500,35,NA,5,NA,3.4,NA,2.6,NA,34.6,NA,NA,32,NA,0.2,NA,NA,NA,NA,NA,NA,39.8,NA,300,NA,NA,NA,NA,"Same"
"00-0034309","Chad Beebe","WR","MIN",2020,30,20,181,201,2,0.0793650793650794,0.0702094647013188,0.168194244338542,6.03333333333333,378,2578,52.1,NA,10,NA,3,NA,2,NA,18.1,NA,NA,20.1,NA,0.2,NA,NA,NA,NA,NA,NA,37.8,NA,257.8,NA,NA,NA,NA,"Same"
"00-0034317","Keith Kirkwood","WR","CAR",2020,2,1,32,13,0,0.0606060606060606,0.123076923076923,0.177062937062937,16,33,260,2.3,NA,1,NA,2,NA,1,NA,32,NA,NA,13,NA,0,NA,NA,NA,NA,NA,NA,33,NA,260,NA,NA,NA,NA,"Same"
"00-0034348","Courtland Sutton","WR","DEN",2020,6,3,106,66,0,0.130434782608696,0.205825242718447,0.339729843815956,17.6666666666667,46,515,9.6,NA,1,NA,6,NA,3,NA,106,NA,NA,66,NA,0,NA,NA,NA,NA,NA,NA,46,NA,515,NA,NA,NA,NA,"Same"
"00-0034353","Anthony Miller","WR","CHI",2020,76,49,735,485,2,0.116923076923077,0.150924024640657,0.281031432633075,9.67105263157895,650,4870,110.7,NA,16,NA,4.75,NA,3.0625,NA,45.9375,NA,NA,30.3125,NA,0.125,NA,NA,NA,NA,NA,NA,40.625,NA,304.375,NA,NA,NA,NA,"Same"
"00-0034366","Keke Coutee","WR","HOU",2020,40,33,377,400,3,0.12987012987013,0.146407766990291,0.297290631698399,9.425,308,2575,91,NA,8,NA,5,NA,4.125,NA,47.125,NA,NA,50,NA,0.375,NA,NA,NA,NA,NA,NA,38.5,NA,321.875,NA,NA,NA,NA,"Same"
"00-0034370","DaeSean Hamilton","WR","DEN",2020,45,23,599,293,2,0.0997782705099778,0.147283009589378,0.252765512477531,13.3111111111111,451,4067,64.3,NA,12,NA,3.75,NA,1.91666666666667,NA,49.9166666666667,NA,NA,24.4166666666667,NA,0.166666666666667,NA,NA,NA,NA,NA,NA,37.5833333333333,NA,338.916666666667,NA,NA,NA,NA,"Same"
"00-0034386","Justin Watson","WR","TB",2020,11,7,106,94,0,0.0916666666666667,0.110762800417973,0.215033960292581,9.63636363636364,120,957,16.4,NA,3,NA,3.66666666666667,NA,2.33333333333333,NA,35.3333333333333,NA,NA,31.3333333333333,NA,0,NA,NA,NA,NA,NA,NA,40,NA,319,NA,NA,NA,NA,"Same"
"00-0034395","Daurice Fountain","WR","IND",2020,3,2,28,23,0,0.0545454545454545,0.0750670241286863,0.134365098708262,9.33333333333333,55,373,4.3,NA,2,NA,1.5,NA,1,NA,14,NA,NA,11.5,NA,0,NA,NA,NA,NA,NA,NA,27.5,NA,186.5,NA,NA,NA,NA,"Same"
"00-0034407","Ray-Ray McCloud","WR","PIT",2020,22,20,-33,91,0,0.047008547008547,-0.010036496350365,0.063487273067565,-1.5,468,3288,35.6,NA,11,NA,2,NA,1.81818181818182,NA,-3,NA,NA,8.27272727272727,NA,0,NA,NA,NA,NA,NA,NA,42.5454545454545,NA,298.909090909091,NA,NA,NA,NA,"Same"
"00-0034411","Russell Gage","WR","ATL",2020,109,72,927,786,4,0.162929745889387,0.171127930588887,0.364184170246301,8.5045871559633,669,5417,181.06,NA,16,NA,6.8125,NA,4.5,NA,57.9375,NA,NA,49.125,NA,0.25,NA,NA,NA,NA,NA,NA,41.8125,NA,338.5625,NA,NA,NA,NA,"Same"
"00-0034418","Cedrick Wilson","WR","DAL",2020,28,17,244,189,2,0.0665083135391924,0.0858852516719465,0.159882146479151,8.71428571428571,421,2841,51.62,NA,10,NA,2.8,NA,1.7,NA,24.4,NA,NA,18.9,NA,0.2,NA,NA,NA,NA,NA,NA,42.1,NA,284.1,NA,NA,NA,NA,"Same"
"00-0034419","Braxton Berrios","WR","NYJ",2020,55,37,416,394,3,0.124153498871332,0.126520681265207,0.274794725192643,7.56363636363636,443,3288,97.3,NA,13,NA,4.23076923076923,NA,2.84615384615385,NA,32,NA,NA,30.3076923076923,NA,0.230769230769231,NA,NA,NA,NA,NA,NA,34.0769230769231,NA,252.923076923077,NA,NA,NA,NA,"Same"
"00-0034426","Javon Wims","WR","CHI",2020,12,6,177,48,1,0.0343839541547278,0.0660694288913774,0.0978245314560559,14.75,349,2679,17,NA,9,NA,1.33333333333333,NA,0.666666666666667,NA,19.6666666666667,NA,NA,5.33333333333333,NA,0.111111111111111,NA,NA,NA,NA,NA,NA,38.7777777777778,NA,297.666666666667,NA,NA,NA,NA,"Same"
"00-0034487","Trent Sherfield","WR","ARI",2020,7,5,82,50,0,0.101449275362319,0.14936247723133,0.256727647105409,11.7142857142857,69,549,10,NA,2,NA,3.5,NA,2.5,NA,41,NA,NA,25,NA,0,NA,NA,NA,NA,NA,NA,34.5,NA,274.5,NA,NA,NA,NA,"Same"
"00-0034510","Robert Foster","WR","WAS",2020,6,2,84,37,0,0.041958041958042,0.0796208530805687,0.118671660093461,14,143,1055,5.7,NA,3,NA,2,NA,0.666666666666667,NA,28,NA,NA,12.3333333333333,NA,0,NA,NA,NA,NA,NA,NA,47.6666666666667,NA,351.666666666667,NA,NA,NA,NA,"Same"
"00-0034521","Allen Lazard","WR","GB",2020,46,33,458,451,3,0.139393939393939,0.18003144654088,0.335112921669525,9.95652173913044,330,2544,97.8,NA,10,NA,4.6,NA,3.3,NA,45.8,NA,NA,45.1,NA,0.3,NA,NA,NA,NA,NA,NA,33,NA,254.4,NA,NA,NA,NA,"Same"
"00-0034631","Vyncint Smith","WR","NYJ",2020,3,1,39,13,0,0.0441176470588235,0.0898617511520737,0.129079696394687,13,68,434,2.3,NA,2,NA,1.5,NA,0.5,NA,19.5,NA,NA,6.5,NA,0,NA,NA,NA,NA,NA,NA,34,NA,217,NA,NA,NA,NA,"Same"
"00-0034646","Brandon Powell","WR","ATL",2020,18,12,83,69,2,0.0435835351089588,0.0244693396226415,0.0825038403992873,4.61111111111111,413,3392,31.6,NA,10,NA,1.8,NA,1.2,NA,8.3,NA,NA,6.9,NA,0.2,NA,NA,NA,NA,NA,NA,41.3,NA,339.2,NA,NA,NA,NA,"Same"
"00-0034652","Cameron Batson","WR","TEN",2020,13,12,80,100,1,0.0462633451957295,0.0361990950226244,0.0947343843094314,6.15384615384615,281,2210,30,NA,9,NA,1.44444444444444,NA,1.33333333333333,NA,8.88888888888889,NA,NA,11.1111111111111,NA,0.111111111111111,NA,NA,NA,NA,NA,NA,31.2222222222222,NA,245.555555555556,NA,NA,NA,NA,"Same"
"00-0034653","Deontay Burnett","WR","PHI",2020,4,3,15,19,0,0.08,0.0424929178470255,0.149745042492918,3.75,50,353,4.9,NA,1,NA,4,NA,3,NA,15,NA,NA,19,NA,0,NA,NA,NA,NA,NA,NA,50,NA,353,NA,NA,NA,NA,"Same"
"00-0034660","Rico Gafford","WR","LV",2020,2,0,64,0,0,0.028169014084507,0.109215017064846,0.118704033072153,32,71,586,0,NA,2,NA,1,NA,0,NA,32,NA,NA,0,NA,0,NA,NA,NA,NA,NA,NA,35.5,NA,293,NA,NA,NA,NA,"Same"
"00-0034676","James Washington","WR","PIT",2020,56,30,699,392,5,0.0835820895522388,0.150257953568358,0.230553701826209,12.4821428571429,670,4652,99.2,NA,16,NA,3.5,NA,1.875,NA,43.6875,NA,NA,24.5,NA,0.3125,NA,NA,NA,NA,NA,NA,41.875,NA,290.75,NA,NA,NA,NA,"Same"
"00-0034686","Auden Tate","WR","CIN",2020,22,14,207,150,0,0.0650887573964497,0.0786474164133739,0.152686327584036,9.40909090909091,338,2632,29,NA,8,NA,2.75,NA,1.75,NA,25.875,NA,NA,18.75,NA,0,NA,NA,NA,NA,NA,NA,42.25,NA,329,NA,NA,NA,NA,"Same"
"00-0034764","Michael Gallup","WR","DAL",2020,105,59,1237,843,5,0.153733528550512,0.260530749789385,0.412971817678338,11.7809523809524,683,4748,173.3,NA,16,NA,6.5625,NA,3.6875,NA,77.3125,NA,NA,52.6875,NA,0.3125,NA,NA,NA,NA,NA,NA,42.6875,NA,296.75,NA,NA,NA,NA,"Same"
"00-0034765","Tre'Quan Smith","WR","NO",2020,50,34,450,448,4,0.107991360691145,0.169619298906898,0.280720550271546,9,463,2653,103.1,NA,13,NA,3.84615384615385,NA,2.61538461538462,NA,34.6153846153846,NA,NA,34.4615384615385,NA,0.307692307692308,NA,NA,NA,NA,NA,NA,35.6153846153846,NA,204.076923076923,NA,NA,NA,NA,"Same"
"00-0034772","Antonio Callaway","WR","MIA",2020,4,2,28,20,0,0.0285714285714286,0.0267942583732057,0.0616131237183869,7,140,1045,4,NA,3,NA,1.33333333333333,NA,0.666666666666667,NA,9.33333333333333,NA,NA,6.66666666666667,NA,0,NA,NA,NA,NA,NA,NA,46.6666666666667,NA,348.333333333333,NA,NA,NA,NA,"Same"
"00-0034775","Christian Kirk","WR","ARI",2020,79,48,935,621,6,0.147113594040968,0.23882503192848,0.387847913411389,11.8354430379747,537,3915,146.4,NA,14,NA,5.64285714285714,NA,3.42857142857143,NA,66.7857142857143,NA,NA,44.3571428571429,NA,0.428571428571429,NA,NA,NA,NA,NA,NA,38.3571428571429,NA,279.642857142857,NA,NA,NA,NA,"Same"
"00-0034777","D.J. Chark","WR","JAX",2020,93,53,1300,706,5,0.175141242937853,0.334620334620335,0.496946098641014,13.9784946236559,531,3885,153.6,NA,13,NA,7.15384615384615,NA,4.07692307692308,NA,100,NA,NA,54.3076923076923,NA,0.384615384615385,NA,NA,NA,NA,NA,NA,40.8461538461538,NA,298.846153846154,NA,NA,NA,NA,"Same"
"00-0034827","D.J. Moore","WR","CAR",2020,118,66,1561,1193,4,0.217712177121771,0.402112313240598,0.608046884951075,13.228813559322,542,3882,211.5,NA,15,NA,7.86666666666667,NA,4.4,NA,104.066666666667,NA,NA,79.5333333333333,NA,0.266666666666667,NA,NA,NA,NA,NA,NA,36.1333333333333,NA,258.8,NA,NA,NA,NA,"Same"
"00-0034837","Calvin Ridley","WR","ATL",2020,144,91,2059,1381,9,0.227848101265823,0.405235189923243,0.625436784845005,14.2986111111111,632,5081,283.2,NA,15,NA,9.6,NA,6.06666666666667,NA,137.266666666667,NA,NA,92.0666666666667,NA,0.6,NA,NA,NA,NA,NA,NA,42.1333333333333,NA,338.733333333333,NA,NA,NA,NA,"Same"
"00-0034854","Khadarel Hodge","WR","CLE",2020,17,11,278,180,0,0.0862944162436548,0.165970149253731,0.245620728843094,16.3529411764706,197,1675,29,NA,7,NA,2.42857142857143,NA,1.57142857142857,NA,39.7142857142857,NA,NA,25.7142857142857,NA,0,NA,NA,NA,NA,NA,NA,28.1428571428571,NA,239.285714285714,NA,NA,NA,NA,"Same"
"00-0034928","Steven Sims","WR","WAS",2020,37,27,262,265,1,0.0816777041942605,0.0975428145941921,0.190796526507325,7.08108108108108,453,2686,61.3,NA,11,NA,3.36363636363636,NA,2.45454545454545,NA,23.8181818181818,NA,NA,24.0909090909091,NA,0.0909090909090909,NA,NA,NA,NA,NA,NA,41.1818181818182,NA,244.181818181818,NA,NA,NA,NA,"Same"
"00-0034960","Jakobi Meyers","WR","NE",2020,81,59,826,729,0,0.22752808988764,0.3557278208441,0.590301609422331,10.1975308641975,356,2322,142.52,NA,12,NA,6.75,NA,4.91666666666667,NA,68.8333333333333,NA,NA,60.75,NA,0,NA,NA,NA,NA,NA,NA,29.6666666666667,NA,193.5,NA,NA,NA,NA,"Same"
"00-0034983","Hunter Renfrow","WR","LV",2020,77,56,547,656,2,0.132987910189983,0.121772039180766,0.28472229271151,7.1038961038961,579,4492,133.6,NA,16,NA,4.8125,NA,3.5,NA,34.1875,NA,NA,41,NA,0.125,NA,NA,NA,NA,NA,NA,36.1875,NA,280.75,NA,NA,NA,NA,"Same"
"00-0035006","Olabisi Johnson","WR","MIN",2020,19,14,215,189,0,0.0673758865248227,0.0959393128067827,0.168221348751982,11.3157894736842,282,2241,32.9,NA,8,NA,2.375,NA,1.75,NA,26.875,NA,NA,23.625,NA,0,NA,NA,NA,NA,NA,NA,35.25,NA,280.125,NA,NA,NA,NA,"Same"
"00-0035021","Ashton Dulin","WR","IND",2020,6,3,31,53,0,0.0265486725663717,0.0195707070707071,0.0535225037990525,5.16666666666667,226,1584,9.4,NA,7,NA,0.857142857142857,NA,0.428571428571429,NA,4.42857142857143,NA,NA,7.57142857142857,NA,0,NA,NA,NA,NA,NA,NA,32.2857142857143,NA,226.285714285714,NA,NA,NA,NA,"Same"
"00-0035022","Penny Hart","WR","SEA",2020,1,1,-1,3,0,0.0303030303030303,-0.00440528634361234,0.0423708450140168,-1,33,227,3.2,NA,1,NA,1,NA,1,NA,-1,NA,NA,3,NA,0,NA,NA,NA,NA,NA,NA,33,NA,227,NA,NA,NA,NA,"Same"
"00-0035140","Mecole Hardman","WR","KC",2020,62,41,660,560,4,0.0948012232415902,0.129513343799058,0.232861175521726,10.6451612903226,654,5096,124.1,NA,16,NA,3.875,NA,2.5625,NA,41.25,NA,NA,35,NA,0.25,NA,NA,NA,NA,NA,NA,40.875,NA,318.5,NA,NA,NA,NA,"Same"
"00-0035181","Darrius Shepherd","WR","GB",2020,8,5,120,46,0,0.0372093023255814,0.0719856028794241,0.106203875503969,15,215,1667,9.6,NA,6,NA,1.33333333333333,NA,0.833333333333333,NA,20,NA,NA,7.66666666666667,NA,0,NA,NA,NA,NA,NA,NA,35.8333333333333,NA,277.833333333333,NA,NA,NA,NA,"Same"
"00-0035208","Olamide Zaccheaus","WR","ATL",2020,32,20,440,274,1,0.0869565217391304,0.148448043184885,0.234348412838115,13.75,368,2964,53.4,NA,9,NA,3.55555555555556,NA,2.22222222222222,NA,48.8888888888889,NA,NA,30.4444444444444,NA,0.111111111111111,NA,NA,NA,NA,NA,NA,40.8888888888889,NA,329.333333333333,NA,NA,NA,NA,"Same"
"00-0035215","Deonte Harris","WR","NO",2020,25,20,101,186,1,0.0825082508250825,0.0656697009102731,0.169731166874815,4.04,303,1538,49.7,NA,9,NA,2.77777777777778,NA,2.22222222222222,NA,11.2222222222222,NA,NA,20.6666666666667,NA,0.111111111111111,NA,NA,NA,NA,NA,NA,33.6666666666667,NA,170.888888888889,NA,NA,NA,NA,"Same"
"00-0035216","Diontae Johnson","WR","PIT",2020,144,88,1140,923,7,0.223255813953488,0.254464285714286,0.513008720930233,7.91666666666667,645,4480,223.8,NA,15,NA,9.6,NA,5.86666666666667,NA,76,NA,NA,61.5333333333333,NA,0.466666666666667,NA,NA,NA,NA,NA,NA,43,NA,298.666666666667,NA,NA,NA,NA,"Same"
"00-0035246","J.J. Arcega-Whiteside","WR","PHI",2020,8,4,121,85,0,0.0377358490566038,0.0682074408117249,0.104348982153113,15.125,212,1774,12.5,NA,5,NA,1.6,NA,0.8,NA,24.2,NA,NA,17,NA,0,NA,NA,NA,NA,NA,NA,42.4,NA,354.8,NA,NA,NA,NA,"Same"
"00-0035287","KeeSean Johnson","WR","ARI",2020,23,15,250,173,0,0.0744336569579288,0.108178277801817,0.187375279898165,10.8695652173913,309,2311,32.3,NA,8,NA,2.875,NA,1.875,NA,31.25,NA,NA,21.625,NA,0,NA,NA,NA,NA,NA,NA,38.625,NA,288.875,NA,NA,NA,NA,"Same"
"00-0035298","Scott Miller","WR","TB",2020,53,33,840,501,3,0.0954954954954955,0.173769135291684,0.264881637947422,15.8490566037736,555,4834,102.5,NA,14,NA,3.78571428571429,NA,2.35714285714286,NA,60,NA,NA,35.7857142857143,NA,0.214285714285714,NA,NA,NA,NA,NA,NA,39.6428571428571,NA,345.285714285714,NA,NA,NA,NA,"Same"
"00-0035313","Terry Godwin","WR","JAX",2020,6,3,70,32,0,0.0697674418604651,0.139442231075697,0.202260724543686,11.6666666666667,86,502,6.5,NA,2,NA,3,NA,1.5,NA,35,NA,NA,16,NA,0,NA,NA,NA,NA,NA,NA,43,NA,251,NA,NA,NA,NA,"Same"
"00-0035341","Trenton Irwin","WR","CIN",2020,2,1,12,5,0,0.0526315789473684,0.0364741641337386,0.10447928331467,6,38,329,1.5,NA,1,NA,2,NA,1,NA,12,NA,NA,5,NA,0,NA,NA,NA,NA,NA,NA,38,NA,329,NA,NA,NA,NA,"Same"
"00-0035350","Preston Williams","WR","MIA",2020,35,18,508,288,4,0.133079847908745,0.26963906581741,0.388367117935305,14.5142857142857,263,1884,70.8,NA,8,NA,4.375,NA,2.25,NA,63.5,NA,NA,36,NA,0.5,NA,NA,NA,NA,NA,NA,32.875,NA,235.5,NA,NA,NA,NA,"Same"
"00-0035406","Lil'Jordan Humphrey","WR","NO",2020,5,3,53,46,1,0.072463768115942,0.112050739957717,0.187131170144315,10.6,69,473,13.6,NA,2,NA,2.5,NA,1.5,NA,26.5,NA,NA,23,NA,0.5,NA,NA,NA,NA,NA,NA,34.5,NA,236.5,NA,NA,NA,NA,"Same"
"00-0035414","Jalen Guyton","WR","LAC",2020,55,28,895,511,3,0.0832072617246596,0.189498200296422,0.257459632794485,16.2727272727273,661,4723,97.1,NA,16,NA,3.4375,NA,1.75,NA,55.9375,NA,NA,31.9375,NA,0.1875,NA,NA,NA,NA,NA,NA,41.3125,NA,295.1875,NA,NA,NA,NA,"Same"
"00-0035457","Tyron Johnson","WR","LAC",2020,26,20,534,398,3,0.0561555075593952,0.162606577344702,0.198057865480384,20.5384615384615,463,3284,79.5,NA,11,NA,2.36363636363636,NA,1.81818181818182,NA,48.5454545454545,NA,NA,36.1818181818182,NA,0.272727272727273,NA,NA,NA,NA,NA,NA,42.0909090909091,NA,298.545454545455,NA,NA,NA,NA,"Same"
"00-0035480","Malik Taylor","WR","GB",2020,6,5,40,66,1,0.0275229357798165,0.0229489386115892,0.0573486606978372,6.66666666666667,218,1743,18.5,NA,6,NA,1,NA,0.833333333333333,NA,6.66666666666667,NA,NA,11,NA,0.166666666666667,NA,NA,NA,NA,NA,NA,36.3333333333333,NA,290.5,NA,NA,NA,NA,"Same"
"00-0035510","Jeff Smith","WR","NYJ",2020,37,17,468,167,0,0.130742049469965,0.191411042944785,0.330100804266297,12.6486486486486,283,2445,33.7,NA,8,NA,4.625,NA,2.125,NA,58.5,NA,NA,20.875,NA,0,NA,NA,NA,NA,NA,NA,35.375,NA,305.625,NA,NA,NA,NA,"Same"
"00-0035527","Andy Isabella","WR","ARI",2020,35,21,394,224,2,0.0866336633663366,0.127343244990304,0.219090766542718,11.2571428571429,404,3094,54.8,NA,11,NA,3.18181818181818,NA,1.90909090909091,NA,35.8181818181818,NA,NA,20.3636363636364,NA,0.181818181818182,NA,NA,NA,NA,NA,NA,36.7272727272727,NA,281.272727272727,NA,NA,NA,NA,"Same"
"00-0035535","Darius Slayton","WR","NYG",2020,96,50,1303,751,3,0.169312169312169,0.326484590328239,0.482507467198021,13.5729166666667,567,3991,143,NA,16,NA,6,NA,3.125,NA,81.4375,NA,NA,46.9375,NA,0.1875,NA,NA,NA,NA,NA,NA,35.4375,NA,249.4375,NA,NA,NA,NA,"Same"
"00-0035590","Riley Ridley","WR","CHI",2020,4,4,36,39,0,0.0384615384615385,0.05,0.0926923076923077,9,104,720,7.9,NA,2,NA,2,NA,2,NA,18,NA,NA,19.5,NA,0,NA,NA,NA,NA,NA,NA,52,NA,360,NA,NA,NA,NA,"Same"
"00-0035592","Travis Fulgham","WR","PHI",2020,67,38,803,539,4,0.136734693877551,0.20125313283208,0.345979233798783,11.9850746268657,490,3990,115.9,NA,12,NA,5.58333333333333,NA,3.16666666666667,NA,66.9166666666667,NA,NA,44.9166666666667,NA,0.333333333333333,NA,NA,NA,NA,NA,NA,40.8333333333333,NA,332.5,NA,NA,NA,NA,"Same"
"00-0035624","N'Keal Harry","WR","NE",2020,57,33,457,309,2,0.143939393939394,0.185395537525355,0.345685967176839,8.01754385964912,396,2465,75.9,NA,13,NA,4.38461538461539,NA,2.53846153846154,NA,35.1538461538462,NA,NA,23.7692307692308,NA,0.153846153846154,NA,NA,NA,NA,NA,NA,30.4615384615385,NA,189.615384615385,NA,NA,NA,NA,"Same"
"00-0035639","Parris Campbell","WR","IND",2020,9,6,107,71,0,0.121621621621622,0.210629921259843,0.329873377314322,11.8888888888889,74,508,14.7,NA,2,NA,4.5,NA,3,NA,53.5,NA,NA,35.5,NA,0,NA,NA,NA,NA,NA,NA,37,NA,254,NA,NA,NA,NA,"Same"
"00-0035640","DK Metcalf","WR","SEA",2020,129,83,1768,1303,10,0.211129296235679,0.365742656185354,0.572713803683266,13.7054263565891,611,4834,273.3,NA,16,NA,8.0625,NA,5.1875,NA,110.5,NA,NA,81.4375,NA,0.625,NA,NA,NA,NA,NA,NA,38.1875,NA,302.125,NA,NA,NA,NA,"Same"
"00-0035645","Gunner Olszewski","WR","NE",2020,5,5,27,62,1,0.0279329608938547,0.0229982964224872,0.0579982488365232,5.4,179,1174,19.5,NA,6,NA,0.833333333333333,NA,0.833333333333333,NA,4.5,NA,NA,10.3333333333333,NA,0.166666666666667,NA,NA,NA,NA,NA,NA,29.8333333333333,NA,195.666666666667,NA,NA,NA,NA,"Same"
"00-0035659","Terry McLaurin","WR","WAS",2020,134,87,1300,1118,4,0.222961730449251,0.403601366035393,0.616963551898652,9.70149253731343,601,3221,225.8,NA,15,NA,8.93333333333333,NA,5.8,NA,86.6666666666667,NA,NA,74.5333333333333,NA,0.266666666666667,NA,NA,NA,NA,NA,NA,40.0666666666667,NA,214.733333333333,NA,NA,NA,NA,"Same"
"00-0035662","Marquise Brown","WR","BAL",2020,100,58,1291,769,8,0.228310502283105,0.366657199659188,0.599125793186089,12.91,438,3521,183,NA,16,NA,6.25,NA,3.625,NA,80.6875,NA,NA,48.0625,NA,0.5,NA,NA,NA,NA,NA,NA,27.375,NA,220.0625,NA,NA,NA,NA,"Same"
"00-0035676","A.J. Brown","WR","TEN",2020,106,70,1150,1075,11,0.237668161434978,0.328102710413695,0.586174139442053,10.8490566037736,446,3505,243.5,NA,14,NA,7.57142857142857,NA,5,NA,82.1428571428571,NA,NA,76.7857142857143,NA,0.785714285714286,NA,NA,NA,NA,NA,NA,31.8571428571429,NA,250.357142857143,NA,NA,NA,NA,"Same"
"00-0035703","Miles Boykin","WR","BAL",2020,33,19,383,266,4,0.094017094017094,0.134954193093728,0.235493576191251,11.6060606060606,351,2838,69.6,NA,13,NA,2.53846153846154,NA,1.46153846153846,NA,29.4615384615385,NA,NA,20.4615384615385,NA,0.307692307692308,NA,NA,NA,NA,NA,NA,27,NA,218.307692307692,NA,NA,NA,NA,"Same"
"00-0035719","Deebo Samuel","WR","SF",2020,44,33,97,391,1,0.160583941605839,0.0611601513240857,0.283688018335619,2.20454545454545,274,1586,80.7,NA,7,NA,6.28571428571429,NA,4.71428571428571,NA,13.8571428571429,NA,NA,55.8571428571429,NA,0.142857142857143,NA,NA,NA,NA,NA,NA,39.1428571428571,NA,226.571428571429,NA,NA,NA,NA,"Same"
"00-0035848","DeMichael Harris","WR","IND",2020,10,10,16,79,0,0.04,0.0100439422473321,0.0670307595731325,1.6,250,1593,22.5,NA,6,NA,1.66666666666667,NA,1.66666666666667,NA,2.66666666666667,NA,NA,13.1666666666667,NA,0,NA,NA,NA,NA,NA,NA,41.6666666666667,NA,265.5,NA,NA,NA,NA,"Same"
"00-0035864","Kendall Hinton","WR","DEN",2020,0,0,0,0,0,0,0,0,NA,10,134,-0.78,NA,1,NA,0,NA,0,NA,0,NA,NA,0,NA,0,NA,NA,NA,NA,NA,NA,10,NA,134,NA,NA,NA,NA,"Same"
"00-0035869","Austin Mack","WR","NYG",2020,11,7,91,91,0,0.0670731707317073,0.0732689210950081,0.151898000864067,8.27272727272727,164,1242,16.1,NA,5,NA,2.2,NA,1.4,NA,18.2,NA,NA,18.2,NA,0,NA,NA,NA,NA,NA,NA,32.8,NA,248.4,NA,NA,NA,NA,"Same"
"00-0036040","Juwan Johnson","WR","NO",2020,10,4,73,39,0,0.0549450549450549,0.0621276595744681,0.12590694411971,7.3,182,1175,7.9,NA,5,NA,2,NA,0.8,NA,14.6,NA,NA,7.8,NA,0,NA,NA,NA,NA,NA,NA,36.4,NA,235,NA,NA,NA,NA,"Same"
"00-0036100","Isaiah Zuber","WR","NE",2020,2,2,-1,29,0,0.015748031496063,-0.0013986013986014,0.0226430262650735,-0.5,127,715,7,NA,4,NA,0.5,NA,0.5,NA,-0.25,NA,NA,7.25,NA,0,NA,NA,NA,NA,NA,NA,31.75,NA,178.75,NA,NA,NA,NA,"Same"
"00-0036110","Ja'Marcus Bradley","WR","CLE",2020,11,5,126,60,0,0.192982456140351,0.305825242718447,0.503551354113439,11.4545454545455,57,412,11,NA,1,NA,11,NA,5,NA,126,NA,NA,60,NA,0,NA,NA,NA,NA,NA,NA,57,NA,412,NA,NA,NA,NA,"Same"
"00-0036133","James Proche","WR","BAL",2020,3,1,12,14,0,0.036144578313253,0.0182926829268293,0.06702174551866,4,83,656,2.4,NA,3,NA,1,NA,0.333333333333333,NA,4,NA,NA,4.66666666666667,NA,0,NA,NA,NA,NA,NA,NA,27.6666666666667,NA,218.666666666667,NA,NA,NA,NA,"Same"
"00-0036142","Isaiah Wright","WR","WAS",2020,35,27,136,197,0,0.0717213114754098,0.0492396813902969,0.142049744186323,3.88571428571429,488,2762,48.3,NA,11,NA,3.18181818181818,NA,2.45454545454545,NA,12.3636363636364,NA,NA,17.9090909090909,NA,0,NA,NA,NA,NA,NA,NA,44.3636363636364,NA,251.090909090909,NA,NA,NA,NA,"Same"
"00-0036145","Lawrence Cager","WR","NYJ",2020,6,2,84,35,0,0.0740740740740741,0.135265700483092,0.205797101449275,14,81,621,5.5,NA,2,NA,3,NA,1,NA,42,NA,NA,17.5,NA,0,NA,NA,NA,NA,NA,NA,40.5,NA,310.5,NA,NA,NA,NA,"Same"
"00-0036182","Nick Westbrook-Ikhine","WR","TEN",2020,8,3,82,33,0,0.037914691943128,0.0495169082125604,0.0915338736634842,10.25,211,1656,6.3,NA,7,NA,1.14285714285714,NA,0.428571428571429,NA,11.7142857142857,NA,NA,4.71428571428571,NA,0,NA,NA,NA,NA,NA,NA,30.1428571428571,NA,236.571428571429,NA,NA,NA,NA,"Same"
"00-0036196","Gabriel Davis","WR","BUF",2020,62,35,945,599,7,0.0995184590690209,0.184102863822326,0.27814969327916,15.241935483871,623,5133,136.9,NA,16,NA,3.875,NA,2.1875,NA,59.0625,NA,NA,37.4375,NA,0.4375,NA,NA,NA,NA,NA,NA,38.9375,NA,320.8125,NA,NA,NA,NA,"Same"
"00-0036219","Marquez Callaway","WR","NO",2020,27,21,226,213,0,0.126760563380282,0.164244186046512,0.305111775302981,8.37037037037037,213,1376,42.3,NA,6,NA,4.5,NA,3.5,NA,37.6666666666667,NA,NA,35.5,NA,0,NA,NA,NA,NA,NA,NA,35.5,NA,229.333333333333,NA,NA,NA,NA,"Same"
"00-0036233","Donovan Peoples-Jones","WR","CLE",2020,20,14,344,304,2,0.087719298245614,0.197021764032073,0.269494182190872,17.2,228,1746,56.4,NA,7,NA,2.85714285714286,NA,2,NA,49.1428571428571,NA,NA,43.4285714285714,NA,0.285714285714286,NA,NA,NA,NA,NA,NA,32.5714285714286,NA,249.428571428571,NA,NA,NA,NA,"Same"
"00-0036247","Freddie Swain","WR","SEA",2020,21,13,225,159,2,0.0445859872611465,0.0588851086103114,0.108098556918938,10.7142857142857,471,3821,40.9,NA,12,NA,1.75,NA,1.08333333333333,NA,18.75,NA,NA,13.25,NA,0.166666666666667,NA,NA,NA,NA,NA,NA,39.25,NA,318.416666666667,NA,NA,NA,NA,"Same"
"00-0036252","Michael Pittman","WR","IND",2020,61,40,510,503,1,0.131465517241379,0.16304347826087,0.311328710644678,8.36065573770492,464,3128,98.9,NA,13,NA,4.69230769230769,NA,3.07692307692308,NA,39.2307692307692,NA,NA,38.6923076923077,NA,0.0769230769230769,NA,NA,NA,NA,NA,NA,35.6923076923077,NA,240.615384615385,NA,NA,NA,NA,"Same"
"00-0036254","Collin Johnson","WR","JAX",2020,31,18,375,272,2,0.0757946210268949,0.122950819672131,0.199757505310834,12.0967741935484,409,3050,57.2,NA,10,NA,3.1,NA,1.8,NA,37.5,NA,NA,27.2,NA,0.2,NA,NA,NA,NA,NA,NA,40.9,NA,305,NA,NA,NA,NA,"Same"
"00-0036255","Denzel Mims","WR","NYJ",2020,44,23,675,357,0,0.158273381294964,0.298540468819107,0.446388400115821,15.3409090909091,278,2261,58.7,NA,9,NA,4.88888888888889,NA,2.55555555555556,NA,75,NA,NA,39.6666666666667,NA,0,NA,NA,NA,NA,NA,NA,30.8888888888889,NA,251.222222222222,NA,NA,NA,NA,"Same"
"00-0036261","Brandon Aiyuk","WR","SF",2020,96,60,902,732,5,0.208695652173913,0.314724354501047,0.533350526411602,9.39583333333333,460,2866,182.9,NA,12,NA,8,NA,5,NA,75.1666666666667,NA,NA,61,NA,0.416666666666667,NA,NA,NA,NA,NA,NA,38.3333333333333,NA,238.833333333333,NA,NA,NA,NA,"Same"
"00-0036268","Laviska Shenault","WR","JAX",2020,79,58,493,600,5,0.135506003430532,0.11451800232288,0.283421606771814,6.24050632911392,583,4305,157.1,NA,14,NA,5.64285714285714,NA,4.14285714285714,NA,35.2142857142857,NA,NA,42.8571428571429,NA,0.357142857142857,NA,NA,NA,NA,NA,NA,41.6428571428571,NA,307.5,NA,NA,NA,NA,"Same"
"00-0036271","Quez Watkins","WR","PHI",2020,13,7,123,106,1,0.0822784810126582,0.0943251533742331,0.189445328880951,9.46153846153846,158,1304,23.6,NA,4,NA,3.25,NA,1.75,NA,30.75,NA,NA,26.5,NA,0.25,NA,NA,NA,NA,NA,NA,39.5,NA,326,NA,NA,NA,NA,"Same"
"00-0036277","Quintez Cephus","WR","DET",2020,35,20,509,349,2,0.0797266514806378,0.148310023310023,0.223406993537973,14.5428571428571,439,3432,66.9,NA,11,NA,3.18181818181818,NA,1.81818181818182,NA,46.2727272727273,NA,NA,31.7272727272727,NA,0.181818181818182,NA,NA,NA,NA,NA,NA,39.9090909090909,NA,312,NA,NA,NA,NA,"Same"
"00-0036309","Darnell Mooney","WR","CHI",2020,98,61,1128,631,4,0.150769230769231,0.231622176591376,0.388289369767809,11.5102040816327,650,4870,150.1,NA,16,NA,6.125,NA,3.8125,NA,70.5,NA,NA,39.4375,NA,0.25,NA,NA,NA,NA,NA,NA,40.625,NA,304.375,NA,NA,NA,NA,"Same"
"00-0036322","Justin Jefferson","WR","MIN",2020,125,88,1430,1400,7,0.225225225225225,0.348525469168901,0.581805666256068,11.44,555,4103,270.2,NA,16,NA,7.8125,NA,5.5,NA,89.375,NA,NA,87.5,NA,0.4375,NA,NA,NA,NA,NA,NA,34.6875,NA,256.4375,NA,NA,NA,NA,"Same"
"00-0036326","Chase Claypool","WR","PIT",2020,109,62,1438,859,9,0.162686567164179,0.309114359415305,0.460409902336982,13.1926605504587,670,4652,215.5,NA,16,NA,6.8125,NA,3.875,NA,89.875,NA,NA,53.6875,NA,0.5625,NA,NA,NA,NA,NA,NA,41.875,NA,290.75,NA,NA,NA,NA,"Same"
"00-0036331","Devin Duvernay","WR","BAL",2020,26,20,161,201,0,0.0673575129533679,0.0529431108188096,0.138096447003219,6.19230769230769,386,3041,47.1,NA,14,NA,1.85714285714286,NA,1.42857142857143,NA,11.5,NA,NA,14.3571428571429,NA,0,NA,NA,NA,NA,NA,NA,27.5714285714286,NA,217.214285714286,NA,NA,NA,NA,"Same"
"00-0036340","Antonio Gandy-Golden","WR","WAS",2020,7,1,79,3,0,0.0406976744186047,0.0625990491283677,0.104865846017764,11.2857142857143,172,1262,3.5,NA,4,NA,1.75,NA,0.25,NA,19.75,NA,NA,0.75,NA,0,NA,NA,NA,NA,NA,NA,43,NA,315.5,NA,NA,NA,NA,"Same"
"00-0036357","Henry Ruggs","WR","LV",2020,43,26,748,452,2,0.0924731182795699,0.203925845147219,0.281457769022408,17.3953488372093,465,3668,88.1,NA,13,NA,3.30769230769231,NA,2,NA,57.5384615384615,NA,NA,34.7692307692308,NA,0.153846153846154,NA,NA,NA,NA,NA,NA,35.7692307692308,NA,282.153846153846,NA,NA,NA,NA,"Same"
"00-0036358","CeeDee Lamb","WR","DAL",2020,111,74,1031,935,5,0.162518301610542,0.217144060657119,0.395778294875796,9.28828828828829,683,4748,211.7,NA,16,NA,6.9375,NA,4.625,NA,64.4375,NA,NA,58.4375,NA,0.3125,NA,NA,NA,NA,NA,NA,42.6875,NA,296.75,NA,NA,NA,NA,"Same"
"00-0036365","Bryan Edwards","WR","LV",2020,15,11,127,193,1,0.0451807228915663,0.0491676345334882,0.102188428510791,8.46666666666667,332,2583,36.3,NA,9,NA,1.66666666666667,NA,1.22222222222222,NA,14.1111111111111,NA,NA,21.4444444444444,NA,0.111111111111111,NA,NA,NA,NA,NA,NA,36.8888888888889,NA,287,NA,NA,NA,NA,"Same"
"00-0036377","Joe Reed","WR","LAC",2020,1,0,-9,0,0,0.00806451612903226,-0.00923076923076923,0.00563523573200992,-9,124,975,8.9,NA,3,NA,0.333333333333333,NA,0,NA,-3,NA,NA,0,NA,0,NA,NA,NA,NA,NA,NA,41.3333333333333,NA,325,NA,NA,NA,NA,"Same"
"00-0036382","K.J. Hill","WR","LAC",2020,11,7,79,73,0,0.0495495495495495,0.0492518703241895,0.108800633551257,7.18181818181818,222,1604,14.3,NA,5,NA,2.2,NA,1.4,NA,15.8,NA,NA,14.6,NA,0,NA,NA,NA,NA,NA,NA,44.4,NA,320.8,NA,NA,NA,NA,"Same"
"00-0036387","Jalen Reagor","WR","PHI",2020,54,31,687,396,1,0.120267260579065,0.191364902506964,0.314356322623472,12.7222222222222,449,3590,79.2,NA,11,NA,4.90909090909091,NA,2.81818181818182,NA,62.4545454545455,NA,NA,36,NA,0.0909090909090909,NA,NA,NA,NA,NA,NA,40.8181818181818,NA,326.363636363636,NA,NA,NA,NA,"Same"
"00-0036398","John Hightower","WR","PHI",2020,29,10,655,167,0,0.069377990430622,0.191073512252042,0.237818444222362,22.5862068965517,418,3428,26.7,NA,10,NA,2.9,NA,1,NA,65.5,NA,NA,16.7,NA,0,NA,NA,NA,NA,NA,NA,41.8,NA,342.8,NA,NA,NA,NA,"Same"
"00-0036407","Jerry Jeudy","WR","DEN",2020,113,52,1529,856,3,0.191850594227504,0.304036587790813,0.500601502794826,13.5309734513274,589,5029,155.6,NA,16,NA,7.0625,NA,3.25,NA,95.5625,NA,NA,53.5,NA,0.1875,NA,NA,NA,NA,NA,NA,36.8125,NA,314.3125,NA,NA,NA,NA,"Same"
"00-0036410","Tee Higgins","WR","CIN",2020,108,67,1241,908,6,0.183050847457627,0.279504504504504,0.470229424339594,11.4907407407407,590,4440,196.6,NA,15,NA,7.2,NA,4.46666666666667,NA,82.7333333333333,NA,NA,60.5333333333333,NA,0.4,NA,NA,NA,NA,NA,NA,39.3333333333333,NA,296,NA,NA,NA,NA,"Same"
"00-0036412","K.J. Hamler","WR","DEN",2020,56,30,595,381,3,0.12280701754386,0.159090909090909,0.295574162679426,10.625,456,3740,90.1,NA,12,NA,4.66666666666667,NA,2.5,NA,49.5833333333333,NA,NA,31.75,NA,0.25,NA,NA,NA,NA,NA,NA,38,NA,311.666666666667,NA,NA,NA,NA,"Same"
"00-0036415","Van Jefferson","WR","LA",2020,31,19,351,220,1,0.0590476190476191,0.103876886652856,0.161285249228428,11.3225806451613,525,3379,46.9,NA,13,NA,2.38461538461538,NA,1.46153846153846,NA,27,NA,NA,16.9230769230769,NA,0.0769230769230769,NA,NA,NA,NA,NA,NA,40.3846153846154,NA,259.923076923077,NA,NA,NA,NA,"Same"
"00-0036427","Tyler Johnson","WR","TB",2020,17,12,169,169,2,0.0408653846153846,0.0454178984144047,0.0930906058131602,9.94117647058824,416,3721,40.9,NA,10,NA,1.7,NA,1.2,NA,16.9,NA,NA,16.9,NA,0.2,NA,NA,NA,NA,NA,NA,41.6,NA,372.1,NA,NA,NA,NA,"Same"
"00-0036439","Tyrie Cleveland","WR","DEN",2020,9,6,79,63,0,0.0459183673469388,0.0514657980456026,0.10490360965233,8.77777777777778,196,1535,12.3,NA,5,NA,1.8,NA,1.2,NA,15.8,NA,NA,12.6,NA,0,NA,NA,NA,NA,NA,NA,39.2,NA,307,NA,NA,NA,NA,"Same"
